Section,Name,Task-Level Band,Realized Band,Driving / Amplified,Human-Only / Evidence,Sources,Narrative
Headline,Blended project-level,~25-45%,~6-16%,,Assumed,[1]; [3]; [5]; [8],"task-level × realization factor, before readiness modulation. Not a lane input — the augmented lane compresses by readiness.scenarios[current_scenario].realized_band."
Realization Factor,0.25-0.35,,,"Live-production remediation on E01 (G0101); Heavy legacy/third-party integration load (BigQuery, Acxiom, 5 ad platforms, Braze); Three open compliance gates with no named owner (G0503, G0505, G0605)",,,"This is a live-production remediation (E01, no root-cause defect list yet per G0101) running alongside heavy legacy/third-party integration (BigQuery sync, Acxiom, 5 ad platforms, Braze) with three open compliance gates and no named decision-owner anywhere in discovery material — the regulated-legacy shape, not the mixed-enterprise default."
Readiness Signal,AI tooling posture,,,score 1/2,"No statement anywhere in discovery material on AI tooling approval, client device/VDI policy, or AI data-handling policy for this engagement (same gap as AI-native qualification M4) — scored at the model's default unknown value, not evidenced either way.",,
Readiness Signal,Delivery velocity / speed bias,,,score 0/2,The internal staffing draft's own schedule runs discrete phase gates (Discover → Define → Design → Deliver → SIT/UAT → UAT → Deploy → Scale) with no daily build/demo/decide language anywhere in the source docs — same evidence behind the AI-native qualification's M2 red rating.,,
Readiness Signal,Data & environment hygiene,,,score 0/2,"G0209: lower-environment BigQuery connectivity for SIT/UAT is explicitly unconfirmed, with no named owner or date to close it.",,
Readiness Signal,Legal / security / compliance posture,,,score 0/2,"Three open compliance gates with no named owner: G0503 (CPRA activation-target designation ownership gap), G0505 (DMA-suppression enforcement mechanism undefined), G0605/G0806 (income-based pricing legal exposure, no Beyond legal review scheduled).",,
Readiness Scenario,(current) Low readiness,,~5-13%,score range 0-2,"Resolve BigQuery lower-environment connectivity (G0209); Name compliance owners for the CPRA / DMA-suppression / income-pricing reviews (G0503, G0505, G0605)",,"Gains stay modest until the phase-gated cadence loosens and the open compliance/connectivity gaps close — per signals, Low is today's state."
Readiness Scenario,Mid readiness,,~6-16%,score range 3-5,Confirm AI tooling approval for the delivery team (AI-native qualification M4); Close the three open compliance gates with named owners,,"Standard enterprise cadence with the environment and compliance gaps resolved lands here, even without a daily-cadence commitment."
Readiness Scenario,High readiness,,~7-19%,score range 6-8,,,"Conditions favor the upper end once tooling is approved, environments are clean, and the compliance gates close — a faster client captures more."
Category,Technical Engineering & QA,~25-45%,~6-16%,"Create Code (realistic enterprise / legacy); Analyze Code & Fix Defects | epics: E01, E02, E07",,[1]; [4],"E01's MCP remediation against a live production instance, E02's 4-table BigQuery sync, and E07's Braze connector are all enterprise/legacy integration work, not greenfield — the review burden [1] keeps this near the low end of the range."
Category,Analysis & Design,~25-40%,~6-14%,"Generation of Analysis Models; Discovery Preparation | epics: E03, E04",,[2],"E03's household-grain Acxiom resolution and E04's cross-entity activation design are both open architecture forks, not routine modeling — drafting compresses, but the fork resolution itself stays human-bound [2]."
Category,Documentation & Knowledge Management,~30-50%,~7-18%,"Generate Documents; Knowledge Transfer | epics: E05, E06",,[7],"E05's per-platform CPRA designation write-ups and E06's catalog-feed decision documentation are the most reliable category on this project [7], though the underlying ownership decisions (G0503) stay human."
Category,Project Management & Operations,~15-30%,~3-11%,"Project Status Reports; Coordination Meeting Time | epics: E01, E02, E03, E04, E05, E06, E07",,[7]; [1],"A 24-week, 6-phase program with two concurrent tracks (Data 360 build + MCP Next remediation) carries real coordination load; status reporting compresses but the coordination core stays human [1][7]."
Human Barrier,Project Pulse Reports,,~0%,,Trust-building work that AI can summarize but not facilitate.,,
Human Barrier,Stakeholder Alignment,,~0%,,"Human-to-human negotiation; AI drafts positions, people decide.",,
Human Barrier,Conflict Resolution,,~0%,,Human judgment.,,
Human Barrier,Beyond legal review of the income-based pricing campaign (G0605/G0806),,~0%,,"A regulatory/reputational judgment call for Beyond's legal function, not a drafting task.",,
Human Barrier,CPRA / DMA-suppression ownership decisions (G0503/G0505),,~0%,,Needs a named Beyond decision-maker; no technical safeguard substitutes for the ownership gap.,,
Human Barrier,MCP Next root-cause audit review burden (G0101),,~0%,,Diagnosing undiagnosed live-production defects is senior-judgment work; AI assists triage but doesn't own the diagnosis.,,
